<?xml version="1.0" encoding="UTF-8"?>
<addon id="plugin.video.fshare"
version="3.0.1"
name="Fshare"
provider-name="Roman_V_M">
<requires>
  <import addon="xbmc.python" version="3.0.1"/> 
  <import addon="script.module.requests" version="2.31.0"/>
  <import addon="script.module.pyxbmct" version="1.1.4"/>
</requires>
<extension point="xbmc.python.pluginsource" library="main.py">
  <provides>video</provides>
</extension>
<extension point="xbmc.addon.metadata">
  <summary lang="en_GB">Fshare</summary>
  <description lang="en_GB">Xem phim Fshare trực tuyến</description>
  <disclaimer lang="en_GB">Xem phim Fshare trực tuyến</disclaimer>
  <license>GPL-3.0-only</license>
  <assets>
    <icon>resources/images/icon.png</icon>
    <fanart>resources/images/fanart.jpg</fanart>
    <screenshot>resources/images/screenshot-1.jpg</screenshot>
    <screenshot>resources/images/screenshot-2.jpg</screenshot>
  </assets>
  <news>Updated with latest artwork metadata</news>
</extension>
</addon>
